{
  "骨科关节病区": [
    "骨外科"
  ],
  "高压氧科": [],
  "儿保科": [
    "儿科",
    "小儿外科",
    "小儿内科",
    "儿科综合"
  ],
  "小儿神经外科": [
    "小儿外科",
    "神经内科",
    "神经外科",
    "小儿内科"
  ],
  "骨科脊柱专科": [
    "骨外科"
  ],
  "激光美容中心": [
    "整形美容科"
  ],
  "口腔修复-牙种植科": [
    "口腔科"
  ],
  "肝胆、疝与腹壁外科": [
    "肝胆外科"
  ],
  "结直肠病专科": [
    "肛肠科"
  ],
  "整形颌面外科": [
    "整形美容科"
  ],
  "胃肠外二科": [
    "肛肠科"
  ],
  "手足外科": [],
  "中医中西医结合科": [
    "中医综合"
  ],
  "肺部肿瘤科": [
    "肿瘤科",
    "肿瘤内科",
    "肿瘤外科"
  ],
  "男性病外科杂病科": [
    "性病科",
    "男科",
    "皮肤性病科"
  ],
  "中医骨科": [
    "中医科",
    "中医综合"
  ],
  "医疗美容科": [
    "整形美容科"
  ],
  "生殖与遗传中心": [
    "遗传病科",
    "生殖健康"
  ],
  "职业病科": [],
  "介入与血管外科": [
    "血液科"
  ],
  "青光眼科": [
    "眼科"
  ],
  "医学心理门诊": [
    "心理科"
  ],
  "保健科": [
    "生殖健康"
  ],
  "针灸、推拿科": [],
  "烧伤整形医学美容外科": [
    "整形美容科"
  ],
  "胃肠肝胆肿瘤外科(普通外科一病区)": [
    "肝胆外科"
  ],
  "药剂科": [],
  "肛肠（大肠病）科": [
    "肛肠科"
  ],
  "肺病科": [],
  "泌尿及生殖医学部-男科组": [
    "泌尿内科",
    "泌尿外科",
    "生殖健康"
  ],
  "介入放射科": [],
  "骨科-脊柱外科中心": [
    "骨外科"
  ],
  "推拿疼痛科": [],
  "家庭病床科": [],
  "肝病科": [
    "肝胆外科",
    "肝病"
  ],
  "种植科": [],
  "眼角膜科": [
    "眼科"
  ],
  "骨肿瘤、骨病科": [
    "骨外科"
  ],
  "上海市甲状腺疾病研究中心": [],
  "皮肤性病学科": [
    "皮肤性病科"
  ],
  "宫颈疾病/宫腔镜诊疗中心": [
    "急诊科",
    "口腔科"
  ],
  "康复理疗科": [
    "康复科"
  ],
  "骨二科(脊柱病科)": [
    "骨外科"
  ],
  "肾内分泌科": [
    "内分泌科"
  ],
  "眼眶病眼肿瘤专业组": [
    "眼科"
  ],
  "影像科": [],
  "口腔预防科": [
    "口腔科"
  ],
  "中医风湿病科": [
    "风湿免疫科",
    "中医科",
    "中医综合"
  ],
  "结核内科": [],
  "针灸按摩": [],
  "视光学和屈光手术中心": [],
  "普内科": [
    "普外科"
  ],
  "口腔特需科": [
    "口腔科"
  ],
  "疼痛肛肠科": [
    "肛肠科"
  ],
  "生殖免疫科": [
    "生殖健康",
    "风湿免疫科"
  ],
  "皮肤科": [
    "皮肤科",
    "皮肤性病科"
  ],
  "干部病房科": [],
  "麻醉科与疼痛门诊": [
    "急诊科"
  ],
  "足踝外科诊疗中心": [
    "急诊科"
  ],
  "乳腺甲状腺科": [],
  "西医神经外科": [
    "神经内科",
    "神经外科"
  ],
  "中医免疫风湿科": [
    "风湿免疫科"
  ],
  "骨关节骨肿瘤科": [
    "骨外科"
  ],
  "腹外科": [],
  "外科（泌尿外科）": [
    "泌尿内科",
    "泌尿外科"
  ],
  "中医诊疗中心": [
    "中医科",
    "中医综合"
  ],
  "介入疼痛科": [],
  "胃外科": [],
  "计划生育科": [
    "生殖健康",
    "不孕不育"
  ],
  "骨科-关节外科中心": [
    "骨外科"
  ],
  "血液肿瘤中心": [
    "血液科"
  ],
  "血管及甲状腺外科": [
    "血液科"
  ],
  "关节骨病外科": [
    "骨外科"
  ],
  "康复医学科": [
    "康复科"
  ],
  "血管甲状腺外科": [
    "血液科"
  ],
  "小儿心内科": [
    "小儿外科",
    "小儿内科"
  ],
  "感染疾病科": [
    "感染科"
  ],
  "胸心血管外科": [
    "心胸外科"
  ],
  "牙周病科": [],
  "感染科（肝炎专科）": [
    "感染科"
  ],
  "影像中心": [],
  "中医肝病科": [
    "中医科",
    "中医综合"
  ],
  "甲乳疝科": [],
  "肝病中心（感染科）": [
    "感染科"
  ],
  "肾脏科": [
    "肾内科"
  ],
  "老年医学一科": [
    "中医科",
    "中医综合"
  ],
  "风湿内科": [
    "风湿免疫科"
  ],
  "眼肿瘤和眼眶病专科": [
    "眼科"
  ],
  "视觉复明临床医学中心": [
    "康复科",
    "中医科",
    "中医综合"
  ],
  "针灸推拿科": [],
  "小儿泌尿科": [
    "小儿外科",
    "小儿内科",
    "泌尿内科",
    "泌尿外科"
  ],
  "耳鼻喉": [
    "耳鼻喉科"
  ],
  "肿瘤二科(肿瘤介入科)": [
    "肿瘤科",
    "肿瘤内科",
    "肿瘤外科"
  ],
  "脊柱微创介入治疗中心": [],
  "中西医结合正骨治疗科": [
    "中医综合"
  ],
  "风湿病专科": [
    "风湿免疫科"
  ],
  "结直肠胃腹部肿瘤外科": [
    "肛肠科"
  ],
  "特诊中心": [
    "急诊科"
  ],
  "感染科(肝病治疗中心)": [
    "感染科"
  ],
  "普外二科（胃肠外科）": [
    "肛肠科",
    "普外科"
  ],
  "小儿心脏科": [
    "小儿外科",
    "小儿内科"
  ],
  "内分泌遗传代谢科": [
    "遗传病科",
    "内分泌科"
  ],
  "骨中心": [
    "骨外科"
  ],
  "普外科中心": [
    "普外科"
  ],
  "儿童血液病诊疗中心": [
    "血液科"
  ],
  "胸外科": [
    "心胸外科"
  ],
  "疼痛微创治疗中心": [],
  "营养科": [
    "营养科"
  ],
  "中西医结合脑病专科": [
    "中医综合"
  ],
  "儿童功能神经外科": [
    "神经内科",
    "神经外科"
  ],
  "全国疼痛诊疗中心": [
    "急诊科"
  ],
  "风湿病": [
    "风湿免疫科"
  ],
  "感染综合科": [
    "其他综合",
    "中医综合",
    "感染科",
    "儿科综合"
  ],
  "脊柱中心": [],
  "医学遗传科": [
    "遗传病科"
  ],
  "甲状腺疾病科": [],
  "内分泌代谢科": [
    "内分泌科"
  ],
  "肝胆外科": [
    "肝胆外科"
  ],
  "风湿免疫-变态反应科": [
    "风湿免疫科"
  ],
  "胃肠肛肠外科": [
    "肛肠科"
  ],
  "中西医结合呼吸内科": [
    "中医综合"
  ],
  "呼吸病科": [
    "呼吸内科"
  ],
  "精神（心理）临床康复中心": [
    "精神科",
    "康复科",
    "心理科"
  ],
  "重症肝病科": [
    "肝胆外科",
    "肝病"
  ],
  "生殖内分泌科": [
    "内分泌科",
    "生殖健康"
  ],
  "心脏内科中心": [
    "心理科",
    "心内科",
    "心胸外科"
  ],
  "免疫变态反应科": [
    "风湿免疫科"
  ],
  "运动损伤骨科": [
    "骨外科",
    "烧伤科"
  ],
  "肝脏移植中心": [
    "肝胆外科",
    "肝病"
  ],
  "计划生育与生殖医学科": [
    "生殖健康"
  ],
  "辅助生殖医学中心": [
    "生殖健康"
  ],
  "外科": [],
  "航海航空医学中心": [
    "中医科",
    "中医综合"
  ],
  "肺科医院": [
    "中医科",
    "中医综合"
  ],
  "角膜病专业组": [],
  "心内科": [
    "心理科",
    "心内科",
    "心胸外科"
  ],
  "泌尿男性科": [
    "泌尿内科",
    "泌尿外科"
  ],
  "小儿精神科": [
    "小儿外科",
    "小儿内科",
    "精神科"
  ],
  "肝（胆胰）外科": [
    "肝胆外科"
  ],
  "眼表疾病科(含角膜病)": [
    "眼科"
  ],
  "手足、显微外科": [],
  "皮肤病与性病科": [
    "皮肤性病科"
  ],
  "急救中心": [
    "急诊科"
  ],
  "遗传与内分泌科": [
    "遗传病科",
    "内分泌科"
  ],
  "医学美容中心": [
    "整形美容科"
  ],
  "结构性心脏病中心": [
    "心理科",
    "心内科",
    "性病科",
    "心胸外科",
    "皮肤性病科"
  ],
  "感染与免疫科": [
    "感染科",
    "风湿免疫科"
  ],
  "中医心血管科": [
    "中医科",
    "中医综合"
  ],
  "心胸外科": [
    "心胸外科"
  ],
  "肝硬化科": [
    "消化内科",
    "肝胆外科",
    "肝病"
  ],
  "眼底病与神经眼科": [
    "眼科"
  ],
  "中医肿瘤科": [
    "中医科",
    "中医综合"
  ],
  "中西医结合肿瘤科": [
    "中医综合"
  ],
  "康复医学与理疗科": [
    "康复科"
  ],
  "感染性疾病诊疗中心": [
    "感染科"
  ],
  "脊柱外科&小儿骨科": [
    "小儿外科",
    "小儿内科"
  ],
  "普外病区": [
    "普外科"
  ],
  "不孕不育诊疗中心": [
    "不孕不育"
  ],
  "美容外科": [
    "整形美容科"
  ],
  "骨科中心脊柱外科": [
    "骨外科"
  ],
  "斜视弱视专科": [],
  "白内障治疗中心": [],
  "整形激光美容外科": [
    "整形美容科"
  ],
  "种植修复中心": [
    "康复科"
  ],
  "放射诊断科": [
    "急诊科"
  ],
  "发育行为儿科": [
    "儿科综合",
    "小儿外科",
    "儿科",
    "小儿内科",
    "不孕不育"
  ],
  "肾脏风湿科": [
    "风湿免疫科"
  ],
  "男科(男科研究所)": [
    "男科"
  ],
  "普外、肿瘤外科": [
    "普外科"
  ],
  "微创足踝外科": [],
  "功能神经科": [
    "神经内科",
    "神经外科"
  ],
  "乳腺肿瘤科": [
    "肿瘤科",
    "肿瘤内科",
    "肿瘤外科"
  ],
  "内分泌代谢病科": [
    "内分泌科"
  ],
  "治未病科": [],
  "CT/MR中心": [],
  "中医妇产科": [
    "中医科",
    "中医综合",
    "妇产科"
  ],
  "儿童内分泌科": [
    "内分泌科"
  ],
  "泌尿肿瘤科": [
    "泌尿内科",
    "泌尿外科"
  ],
  "儿童消化内科": [
    "消化内科"
  ],
  "小儿胸外科": [
    "小儿外科",
    "小儿内科"
  ],
  "颈腰痛研究治疗中心": [],
  "中医情志病专科": [
    "中医科",
    "中医综合"
  ],
  "烧伤皮肤科": [
    "皮肤科",
    "烧伤科",
    "皮肤性病科"
  ],
  "特种医学科": [
    "中医科",
    "中医综合"
  ],
  "儿童心理门诊": [
    "心理科"
  ],
  "肝胆内科": [
    "肝胆外科"
  ],
  "胃肠肛门外科": [
    "肛肠科"
  ],
  "双相障碍科": [],
  "免疫风湿科": [
    "风湿免疫科"
  ],
  "中医科": [
    "中医科",
    "中医综合"
  ],
  "创伤专科": [
    "烧伤科"
  ],
  "小儿普外科": [
    "小儿外科",
    "小儿内科"
  ],
  "结直肠科": [
    "肛肠科"
  ],
  "儿科心脏中心": [
    "心理科",
    "心内科",
    "儿科",
    "小儿内科",
    "心胸外科",
    "儿科综合",
    "小儿外科"
  ],
  "老年医学科": [
    "中医科",
    "中医综合"
  ],
  "老年肿瘤科": [
    "肿瘤科",
    "肿瘤内科",
    "肿瘤外科"
  ],
  "皮肤与性病学科": [
    "皮肤性病科"
  ],
  "甲状腺外科": [],
  "肝病重症医学科": [
    "肝胆外科",
    "中医科",
    "中医综合",
    "肝病"
  ],
  "胸部疾病诊疗中心": [
    "急诊科",
    "心胸外科"
  ],
  "青光眼专业": [
    "眼科"
  ],
  "青春期保健/少儿女科": [
    "儿科综合",
    "小儿外科",
    "儿科",
    "小儿内科",
    "生殖健康"
  ],
  "儿童预防保健科": [
    "儿科综合",
    "小儿外科",
    "儿科",
    "小儿内科",
    "生殖健康"
  ],
  "眼表疾病学科": [
    "眼科"
  ],
  "手外科": [],
  "中医神经内科": [
    "神经内科",
    "神经外科",
    "中医科",
    "中医综合"
  ],
  "神经介入科": [
    "神经内科",
    "神经外科"
  ],
  "疼痛与失眠治疗中心": [],
  "心血管病专科": [
    "心理科",
    "心内科",
    "血液科",
    "心胸外科"
  ],
  "干诊科及VIP诊室": [
    "其他科室",
    "急诊科"
  ],
  "整形美容科": [
    "整形美容科"
  ],
  "心血管疾病诊治中心": [
    "心理科",
    "心内科",
    "急诊科",
    "血液科",
    "心胸外科"
  ],
  "食管肿瘤科": [
    "肿瘤科",
    "肿瘤内科",
    "肿瘤外科"
  ],
  "中西医结合科（中医科）": [
    "中医综合"
  ],
  "耳鼻咽喉—头颈外科": [
    "耳鼻喉科"
  ],
  "足踝外科": [],
  "肝病内科": [
    "肝胆外科",
    "肝病"
  ],
  "肿瘤二科": [
    "肿瘤科",
    "肿瘤内科",
    "肿瘤外科"
  ],
  "脾胃肝胆病科": [
    "肝胆外科"
  ],
  "干部科": [],
  "临床免疫科": [
    "风湿免疫科"
  ],
  "呼吸与危重症医学科": [
    "呼吸内科"
  ],
  "整形美容中心": [
    "整形美容科"
  ],
  "整形美容激光中心": [
    "整形美容科"
  ],
  "关节外科与运动医学科": [
    "中医科",
    "中医综合"
  ],
  "影像诊断科": [
    "急诊科"
  ],
  "脊柱外科治疗中心": [],
  "青光眼与视神经疾病学科": [
    "眼科"
  ],
  "心脏外科中心": [
    "心理科",
    "心内科",
    "心胸外科"
  ],
  "手足踝显微外科": [],
  "老年精神科": [
    "精神科"
  ],
  "针灸微创肿瘤科": [
    "肿瘤科",
    "肿瘤内科",
    "肿瘤外科"
  ],
  "男科（不孕不育科）": [
    "不孕不育"
  ],
  "妇女保健中心": [
    "妇科",
    "妇产科",
    "生殖健康"
  ],
  "脾胃病（消化）科": [
    "消化内科"
  ],
  "心脏及大血管外科": [
    "心理科",
    "心内科",
    "血液科",
    "心胸外科"
  ],
  "中医心内科": [
    "中医科",
    "中医综合"
  ],
  "超声诊疗科": [
    "急诊科"
  ],
  "咽喉头颈外科": [
    "耳鼻喉科"
  ],
  "胆胰外科": [
    "肝胆外科"
  ],
  "儿童心胸外科": [
    "心胸外科"
  ],
  "青光眼专科": [
    "眼科"
  ],
  "整形美容外科": [
    "整形美容科"
  ],
  "感染性疾病中心": [
    "感染科"
  ],
  "乳腺病专科": [],
  "白内障与老视专科": [],
  "肛肠疾病诊疗中心": [
    "肛肠科"
  ],
  "两腺外科": [],
  "骨与软组织科": [
    "骨外科"
  ],
  "围产医学科": [
    "产科",
    "中医科",
    "中医综合",
    "妇产科"
  ],
  "心理卫生科": [
    "心理科"
  ],
  "骨与关节外科": [
    "骨外科"
  ],
  "泌尿外科": [
    "泌尿内科",
    "泌尿外科"
  ],
  "中医男性科": [
    "中医科",
    "中医综合"
  ],
  "肿瘤诊疗中心": [
    "急诊科"
  ],
  "生殖妇科": [
    "生殖健康"
  ],
  "骨科/杭州市骨科研究所": [
    "骨外科"
  ],
  "肛肠（痔瘘）科": [
    "肛肠科"
  ],
  "骨关节病科": [
    "骨外科"
  ],
  "儿童心理与康复科": [
    "康复科",
    "心理科"
  ],
  "辅助生殖医学科": [
    "生殖健康"
  ],
  "放射介入科": [],
  "关节外科及运动医学科": [
    "中医科",
    "中医综合"
  ],
  "肝胆胰科": [
    "肝胆外科"
  ],
  "肝胆胰外科、微创外科": [
    "肝胆外科"
  ],
  "血液与肿瘤科": [
    "血液科"
  ],
  "呼吸内科": [
    "呼吸内科"
  ],
  "眼科综合": [
    "儿科综合",
    "其他综合",
    "中医综合"
  ],
  "心理咨询门诊": [
    "心理科"
  ],
  "心血管内科": [
    "心理科",
    "心内科",
    "血液科",
    "心胸外科"
  ],
  "普外科": [
    "普外科"
  ],
  "儿童癫痫外科": [
    "儿科",
    "小儿外科",
    "小儿内科",
    "儿科综合"
  ],
  "老年心内科": [
    "心理科",
    "心内科",
    "心胸外科"
  ],
  "骨科中心-关节骨病及创伤科": [
    "骨外科",
    "烧伤科"
  ],
  "胸部及肿瘤外科": [
    "心胸外科"
  ],
  "肾病内科": [
    "肾内科"
  ],
  "生殖中心": [
    "生殖健康"
  ],
  "眼科中心": [
    "眼科"
  ],
  "关节与运动医学外科": [
    "中医科",
    "中医综合"
  ],
  "手一科、下肢血管病科": [
    "血液科"
  ],
  "肾内科": [
    "肾内科"
  ],
  "儿童内分泌遗传代谢科": [
    "内分泌科",
    "遗传病科"
  ],
  "脊髓损伤康复科": [
    "康复科"
  ],
  "儿科中心": [
    "儿科",
    "小儿外科",
    "小儿内科",
    "儿科综合"
  ],
  "眼肿瘤科": [
    "眼科"
  ],
  "中医肛肠科": [
    "中医科",
    "肛肠科",
    "中医综合"
  ],
  "神经中心外科": [
    "神经内科",
    "神经外科"
  ],
  "健康医学部": [
    "生殖健康"
  ],
  "疝腹壁外科": [],
  "白内障专科": [],
  "呼研院-呼吸内科": [
    "呼吸内科"
  ],
  "综合内科": [
    "其他综合",
    "中医综合",
    "儿科综合"
  ],
  "骨病肿瘤科": [
    "骨外科"
  ],
  "小儿皮肤科": [
    "小儿外科",
    "皮肤科",
    "小儿内科",
    "皮肤性病科"
  ],
  "颌面外科": [],
  "妇科生殖内分泌专科": [
    "内分泌科",
    "生殖健康"
  ],
  "儿科综合": [
    "儿科综合"
  ],
  "名医馆": [
    "中医科",
    "中医综合"
  ],
  "肝病研究所": [
    "肝胆外科",
    "肝病"
  ],
  "胸外乳腺科": [
    "心胸外科"
  ],
  "手足显微外科诊疗中心": [
    "急诊科"
  ],
  "产前诊断中心": [
    "急诊科",
    "产科",
    "妇产科"
  ],
  "成人外科中心": [],
  "放射治疗中心": [],
  "儿童口腔科": [
    "口腔科"
  ],
  "腹膜后肿瘤外科": [
    "肿瘤科",
    "肿瘤内科",
    "肿瘤外科"
  ],
  "器官移植外科": [
    "五官科"
  ],
  "血液病科": [
    "血液科"
  ],
  "头颈肿瘤外科": [
    "肿瘤科",
    "肿瘤内科",
    "肿瘤外科"
  ],
  "中医精神科": [
    "精神科",
    "中医科",
    "中医综合"
  ],
  "脊柱微创外科": [],
  "中医综合科": [
    "中医综合"
  ],
  "中医乳腺外科": [
    "中医科",
    "中医综合"
  ],
  "精神卫生科": [
    "精神科"
  ],
  "全科医疗科": [
    "中医科",
    "中医综合"
  ],
  "整形修复科": [
    "整形美容科"
  ],
  "介入科": [],
  "小儿外科神经疾病诊治中心": [
    "小儿外科",
    "神经内科",
    "神经外科",
    "小儿内科"
  ],
  "脊柱外科(骨二科)": [
    "骨外科"
  ],
  "整形烧伤外科": [
    "整形美容科",
    "烧伤科"
  ],
  "双相障碍": [],
  "血液内科": [
    "血液科"
  ],
  "ICU": [],
  "肝衰竭诊疗与研究中心": [
    "肝胆外科",
    "急诊科",
    "肝病"
  ],
  "肝脏肿瘤中心": [
    "肝胆外科",
    "肝病"
  ],
  "超声诊断科": [
    "急诊科"
  ],
  "骨创伤外科": [
    "骨外科",
    "烧伤科"
  ],
  "髋部疾病研究治疗中心": [],
  "儿童牙病科": [
    "儿科",
    "小儿外科",
    "小儿内科",
    "儿科综合"
  ],
  "医学美容科": [
    "整形美容科"
  ],
  "人工肝血液净化中心": [
    "血液科"
  ],
  "小儿外科": [
    "小儿外科",
    "小儿内科"
  ],
  "甲状腺疾病诊治中心": [
    "急诊科"
  ],
  "口腔外科": [
    "口腔科"
  ],
  "血管乳腺外科": [
    "血液科"
  ],
  "放疗科": [],
  "预防口腔科": [
    "口腔科"
  ],
  "烧伤科": [
    "烧伤科"
  ],
  "感染性疾病科": [
    "感染科"
  ],
  "器官移植中心": [
    "五官科"
  ],
  "结直肠肿瘤外科": [
    "肛肠科"
  ],
  "肝胰外科": [
    "肝胆外科",
    "肝病"
  ],
  "妇产科-计生": [
    "妇产科"
  ],
  "理疗科": [
    "心理科"
  ],
  "肿瘤外科": [
    "肿瘤科",
    "肿瘤内科",
    "肿瘤外科"
  ],
  "脊柱病医院": [
    "中医科",
    "中医综合"
  ],
  "老年病研究所": [],
  "介入门诊": [
    "急诊科"
  ],
  "小儿骨科": [
    "小儿外科",
    "小儿内科"
  ],
  "口腔医学美容中心": [
    "整形美容科",
    "口腔科"
  ],
  "中医肾病内科": [
    "中医科",
    "中医综合"
  ],
  "PET中心": [],
  "心身疾病科": [
    "心理科",
    "心内科",
    "心胸外科"
  ],
  "心理门诊": [
    "心理科"
  ],
  "肝病肝肿瘤内科": [
    "肝胆外科",
    "肝病"
  ],
  "小儿肾内科": [
    "小儿外科",
    "小儿内科"
  ],
  "脊髓修复科": [
    "康复科"
  ],
  "酒瘾、网瘾治疗中心": [],
  "保健医疗部(老年病科)": [
    "中医科",
    "中医综合",
    "生殖健康"
  ],
  "周围血管病（脉管病）科": [
    "血液科"
  ],
  "手外整形科": [
    "整形美容科"
  ],
  "耐药结核病房（内八科）": [],
  "中西医结合二科": [
    "中医综合"
  ],
  "血管外科中心": [
    "血液科"
  ],
  "妇科、肿瘤专科": [
    "妇科",
    "妇产科"
  ],
  "肾脏病科": [
    "肾内科"
  ],
  "口腔颌面－头颈外科": [
    "口腔科"
  ],
  "激光美容科": [
    "整形美容科"
  ],
  "普通精神病科": [
    "精神科"
  ],
  "外一科（普外科）": [
    "普外科"
  ],
  "脑病外科": [],
  "中西医结合妇科": [
    "中医综合"
  ],
  "手外科医院": [
    "中医科",
    "中医综合"
  ],
  "玻璃体视网膜治疗中心": [],
  "骨关节与运动医学中心": [
    "中医科",
    "中医综合",
    "骨外科"
  ],
  "普通外科": [
    "普外科"
  ],
  "创伤外科": [
    "烧伤科"
  ],
  "针灸按摩科": [],
  "口腔种植诊疗中心": [
    "口腔科"
  ],
  "介入医学科": [
    "中医科",
    "中医综合"
  ],
  "针灸部": [],
  "腺肌病、输卵管介入科": [],
  "综合外科": [
    "其他综合",
    "中医综合",
    "儿科综合"
  ],
  "内分泌肾病科": [
    "内分泌科"
  ],
  "心血管外科": [
    "心理科",
    "心内科",
    "血液科",
    "心胸外科"
  ],
  "耳鼻咽喉－头颈外科": [
    "耳鼻喉科"
  ],
  "内分泌乳腺外科": [
    "内分泌科"
  ],
  "风湿内分泌科": [
    "风湿免疫科",
    "内分泌科"
  ],
  "淋巴肿瘤内科": [
    "肿瘤科",
    "肿瘤内科",
    "肿瘤外科"
  ],
  "肢体（手足）显微外科": [],
  "口腔颌面-头颈肿瘤科": [
    "口腔科"
  ],
  "妇瘤科": [
    "肿瘤科",
    "妇科",
    "肿瘤内科",
    "妇产科",
    "肿瘤外科"
  ],
  "口腔医学中心": [
    "口腔科"
  ],
  "生殖遗传科": [
    "遗传病科",
    "生殖健康"
  ],
  "关节四肢外科": [],
  "脾胃科": [],
  "内镜诊疗中心": [
    "急诊科"
  ],
  "心理诊疗科": [
    "心理科"
  ],
  "药浴科": [],
  "生殖健康科": [
    "生殖健康"
  ],
  "筋伤科": [
    "烧伤科"
  ],
  "妇科": [
    "妇科",
    "妇产科"
  ],
  "麻醉科": [],
  "心外科": [
    "心理科",
    "心内科",
    "心胸外科"
  ],
  "中西医结合耳鼻喉科": [
    "耳鼻喉科",
    "中医综合"
  ],
  "大肠外科": [
    "肛肠科"
  ],
  "眼眶病眼整形": [
    "整形美容科"
  ],
  "骨2科(关节外科)": [
    "骨外科"
  ],
  "肿瘤康复科": [
    "康复科"
  ],
  "疼痛理疗科": [
    "心理科"
  ],
  "中西医结合口腔科": [
    "中医综合"
  ],
  "肿瘤介入科": [
    "肿瘤科",
    "肿瘤内科",
    "肿瘤外科"
  ],
  "眼科": [
    "眼科"
  ],
  "临床心理中心": [
    "心理科"
  ],
  "肿瘤放疗科": [
    "肿瘤科",
    "肿瘤内科",
    "肿瘤外科"
  ],
  "儿童神经科": [
    "神经内科",
    "神经外科"
  ],
  "烧伤整形外科": [
    "整形美容科",
    "烧伤科"
  ],
  "斜视与小儿眼科": [
    "小儿外科",
    "小儿内科"
  ],
  "甲状腺颈部肿瘤科": [
    "肿瘤科",
    "肿瘤内科",
    "肿瘤外科"
  ],
  "心脑电科": [
    "心理科",
    "心内科",
    "心胸外科"
  ],
  "胆道血管外科": [
    "肝胆外科",
    "血液科"
  ],
  "听觉与平衡医学中心": [
    "中医科",
    "中医综合"
  ],
  "耳鼻喉科(语言康复)": [
    "耳鼻喉科"
  ],
  "神经内科": [
    "神经内科",
    "神经外科"
  ],
  "肺癌诊治中心": [
    "急诊科"
  ],
  "神经科": [
    "神经内科",
    "神经外科"
  ],
  "放化疗科": [
    "消化内科"
  ],
  "创伤骨科": [
    "骨外科",
    "烧伤科"
  ],
  "屈光科": [],
  "肿瘤化疗科": [
    "消化内科"
  ],
  "儿童心理科": [
    "心理科"
  ],
  "颌面耳鼻喉头颈外科": [
    "耳鼻喉科"
  ],
  "肝病专科": [
    "肝胆外科",
    "肝病"
  ],
  "针灸科": [],
  "干部诊疗科": [
    "急诊科"
  ],
  "中西医结合男科": [
    "中医综合"
  ],
  "胰腺外科": [],
  "儿童保健所": [
    "儿科综合",
    "小儿外科",
    "儿科",
    "小儿内科",
    "生殖健康"
  ],
  "国家卫计委肝胆肠研究中心": [
    "肝胆外科"
  ],
  "中西医妇科": [
    "中医科",
    "中医综合"
  ],
  "肩肘外科": [],
  "肝胆胰血管外科": [
    "肝胆外科"
  ],
  "名医堂": [
    "中医科",
    "中医综合"
  ],
  "脊柱外科": [],
  "肛肠科": [
    "肛肠科"
  ],
  "口腔粘膜科": [
    "口腔科"
  ],
  "骨科-修复重建科": [
    "康复科",
    "骨外科"
  ],
  "肝胆胰腺外科": [
    "肝胆外科"
  ],
  "胎儿医学科": [
    "儿科综合",
    "小儿外科",
    "儿科",
    "中医科",
    "中医综合",
    "小儿内科"
  ],
  "生殖医学中心": [
    "生殖健康"
  ],
  "保健科（老年病科）": [
    "生殖健康"
  ],
  "血液病研究所": [
    "血液科"
  ],
  "司法鉴定": [],
  "中医正骨科": [
    "中医科",
    "中医综合"
  ],
  "内四科(心脑血管专科)": [
    "心理科",
    "心内科",
    "血液科",
    "心胸外科"
  ],
  "脊柱专科": [],
  "男性科": [
    "性病科",
    "男科",
    "皮肤性病科"
  ],
  "超声科": [],
  "烧伤外科": [
    "烧伤科"
  ],
  "肝胆科": [
    "肝胆外科"
  ],
  "脑病中心": [],
  "妇产中心": [
    "妇产科"
  ],
  "中医康复科": [
    "康复科",
    "中医科",
    "中医综合"
  ],
  "骨五科(脊柱外科)": [
    "五官科",
    "骨外科"
  ],
  "白内障青光眼组": [
    "眼科"
  ],
  "功能神经外科": [
    "神经内科",
    "神经外科"
  ],
  "神经康复科": [
    "神经内科",
    "康复科",
    "神经外科"
  ],
  "骨3科(脊柱创伤科)": [
    "骨外科",
    "烧伤科"
  ],
  "关节外科": [],
  "急诊医学中心": [
    "急诊科"
  ],
  "脾胃病科": [],
  "过敏反应科": [],
  "介入血管外科·血管通路中心": [
    "血液科"
  ],
  "中医内科": [
    "中医科",
    "中医综合"
  ],
  "小儿血液、肿瘤科": [
    "小儿外科",
    "小儿内科",
    "血液科"
  ],
  "关节与骨病外科": [
    "骨外科"
  ],
  "精神医学科": [
    "精神科"
  ],
  "妇女保健科": [
    "妇科",
    "妇产科",
    "生殖健康"
  ],
  "过敏免疫风湿病科": [
    "风湿免疫科"
  ],
  "眼视光医学中心": [
    "眼科",
    "中医科",
    "中医综合"
  ],
  "骨伤科": [
    "骨外科",
    "烧伤科"
  ],
  "眼耳鼻整形外科": [
    "耳鼻喉科",
    "整形美容科"
  ],
  "颞下颌关节病及口颌面疼诊治中心": [
    "急诊科",
    "口腔科"
  ],
  "中医肺病科": [
    "中医科",
    "中医综合"
  ],
  "普通精神科": [
    "精神科"
  ],
  "乳腺病防治研究中心": [],
  "风湿科": [
    "风湿免疫科"
  ],
  "产科": [
    "产科",
    "妇产科"
  ],
  "骨髓炎科": [
    "骨外科"
  ],
  "全军器官移植研究所": [
    "五官科"
  ],
  "头颈外科": [],
  "医学遗传研究所": [
    "遗传病科"
  ],
  "儿童心血管科": [
    "儿科综合",
    "心内科",
    "心理科",
    "心胸外科",
    "血液科",
    "小儿内科",
    "儿科",
    "小儿外科"
  ],
  "男不育科": [
    "不孕不育"
  ],
  "周围血管病科": [
    "血液科"
  ],
  "整形烧伤科": [
    "整形美容科",
    "烧伤科"
  ],
  "口腔正畸科": [
    "口腔科"
  ],
  "眼屈光治疗中心": [
    "眼科"
  ],
  "骨软组织肿瘤科": [
    "骨外科"
  ],
  "小儿血液肿瘤科": [
    "小儿外科",
    "小儿内科",
    "血液科"
  ],
  "修复科": [
    "康复科"
  ],
  "优生遗传科": [
    "遗传病科"
  ],
  "中西医结合一科": [
    "中医综合"
  ],
  "心血管病科": [
    "心理科",
    "心内科",
    "血液科",
    "心胸外科"
  ],
  "小儿脑病康复诊疗中心": [
    "小儿外科",
    "康复科",
    "小儿内科"
  ],
  "胸三科": [
    "心胸外科"
  ],
  "胃肠疝外科": [
    "肛肠科"
  ],
  "内科": [],
  "疝与腹壁外科": [],
  "儿童牙科": [
    "儿科",
    "小儿外科",
    "小儿内科",
    "儿科综合"
  ],
  "重症监护室": [
    "其他科室"
  ],
  "激光室": [
    "其他科室"
  ],
  "整形外科": [
    "整形美容科"
  ],
  "小儿康复科": [
    "小儿外科",
    "康复科",
    "小儿内科"
  ],
  "骨科中心": [
    "骨外科"
  ],
  "中医针灸科": [
    "中医科",
    "中医综合"
  ],
  "急诊危重症中心": [
    "急诊科"
  ],
  "消化医学中心": [
    "消化内科"
  ],
  "陆氏伤科": [
    "烧伤科"
  ],
  "疮疡血管外科": [
    "血液科"
  ],
  "中西医结合科(中医科)": [
    "中医综合"
  ],
  "肾病内分泌科": [
    "内分泌科"
  ],
  "小儿血液内分泌科": [
    "小儿外科",
    "小儿内科",
    "内分泌科",
    "血液科"
  ],
  "中西医结合生殖与遗传中心": [
    "中医综合"
  ],
  "癫痫中心-功能神经外科": [
    "神经内科",
    "神经外科"
  ],
  "中西医结合外科": [
    "中医综合"
  ],
  "妇科肿瘤中心": [
    "妇科",
    "妇产科"
  ],
  "小儿心理卫生科": [
    "心理科",
    "小儿外科",
    "小儿内科"
  ],
  "骨科中心疗区": [
    "骨外科"
  ],
  "内分泌、糖尿病科": [
    "泌尿内科",
    "泌尿外科",
    "内分泌科"
  ],
  "中医外科、皮肤科": [
    "中医科",
    "皮肤科",
    "中医综合",
    "皮肤性病科"
  ],
  "急诊医学科": [
    "急诊科"
  ],
  "淋巴血液科": [
    "血液科"
  ],
  "肾病脾胃病科": [
    "肾内科"
  ],
  "小儿内科": [
    "小儿外科",
    "小儿内科"
  ],
  "眼底病治疗中心": [
    "眼科"
  ],
  "小儿血液科": [
    "小儿外科",
    "小儿内科",
    "血液科"
  ],
  "感染、肝病科": [
    "感染科"
  ],
  "结石科": [],
  "精神心理卫生科": [
    "心理科",
    "精神科"
  ],
  "心儿科": [
    "心理科",
    "心内科",
    "儿科",
    "小儿内科",
    "心胸外科",
    "儿科综合",
    "小儿外科"
  ],
  "感染病科": [
    "感染科"
  ],
  "运动医学科": [
    "中医科",
    "中医综合"
  ],
  "肝胆胰脾外科": [
    "肝胆外科"
  ],
  "创伤关节科": [
    "烧伤科"
  ],
  "淋巴瘤诊疗中心": [
    "肿瘤科",
    "肿瘤内科",
    "急诊科",
    "肿瘤外科"
  ],
  "骨内科": [
    "骨外科"
  ],
  "口腔种植中心": [
    "口腔科"
  ],
  "关节与骨病专科": [
    "骨外科"
  ],
  "儿内科": [
    "儿科",
    "小儿外科",
    "小儿内科",
    "儿科综合"
  ],
  "骨科中心-脊柱外科": [
    "骨外科"
  ],
  "消化肿瘤外科": [
    "消化内科"
  ],
  "骨三科(骨病、骨肿瘤科和微创骨科)": [
    "骨外科"
  ],
  "颌面整形外科中心": [
    "整形美容科"
  ],
  "儿童耳鼻咽喉科": [
    "耳鼻喉科"
  ],
  "小儿心脏中心内科": [
    "小儿外科",
    "小儿内科"
  ],
  "皮肤性病科": [
    "皮肤性病科"
  ],
  "移植研究所泌尿外科": [
    "泌尿内科",
    "泌尿外科"
  ],
  "肝肿瘤外科": [
    "肝胆外科",
    "肝病"
  ],
  "介入血管科": [
    "血液科"
  ],
  "生殖医学专科医院": [
    "生殖健康"
  ],
  "肾脏内科": [
    "肾内科"
  ],
  "骨科二（关节外科）": [
    "骨外科"
  ],
  "伤科": [
    "烧伤科"
  ],
  "物理医学康复科": [
    "康复科"
  ],
  "上肢外科": [],
  "中西医结合肝病科": [
    "中医综合"
  ],
  "整复外科": [
    "康复科",
    "整形美容科"
  ],
  "小儿急诊科": [
    "小儿外科",
    "急诊科",
    "小儿内科"
  ],
  "肛肠病研究所": [
    "肛肠科"
  ],
  "临床心理科": [
    "心理科"
  ],
  "骨伤科（脊柱外科）": [
    "骨外科",
    "烧伤科"
  ],
  "感染科": [
    "感染科"
  ],
  "骨伤治疗中心": [
    "骨外科",
    "烧伤科"
  ],
  "葡萄膜炎、玻璃体视网膜及眼底内科专业组": [
    "眼科"
  ],
  "小儿肾病内科": [
    "小儿外科",
    "小儿内科"
  ],
  "微创外科": [],
  "妇科中心": [
    "妇科",
    "妇产科"
  ],
  "肝胆胰肿瘤外科": [
    "肝胆外科"
  ],
  "老年干部科": [],
  "骨科-小儿骨科": [
    "小儿外科",
    "小儿内科"
  ],
  "视光学科": [],
  "儿童康复科": [
    "康复科"
  ],
  "南山肿瘤中心": [
    "肿瘤科",
    "肿瘤内科",
    "肿瘤外科"
  ],
  "乳腺外科": [],
  "重症医学科（ICU）": [
    "中医科",
    "中医综合"
  ],
  "传染性肝病科": [
    "传染科"
  ],
  "激光近视眼治疗中心": [
    "眼科"
  ],
  "正骨推拿理疗科": [
    "骨外科",
    "心理科"
  ],
  "呼吸热病科": [
    "呼吸内科"
  ],
  "结直肠外科": [
    "肛肠科"
  ],
  "病理科": [
    "心理科"
  ],
  "男性病科": [
    "性病科",
    "男科",
    "皮肤性病科"
  ],
  "疑难杂病科": [],
  "消化科（脾胃病科）": [
    "消化内科"
  ],
  "神志病科": [
    "精神科",
    "神经内科",
    "神经外科"
  ],
  "心理精神科": [
    "心理科",
    "精神科"
  ],
  "微创关节外科": [],
  "肿瘤中心": [
    "肿瘤科",
    "肿瘤内科",
    "肿瘤外科"
  ],
  "血液净化中心": [
    "血液科"
  ],
  "性病科": [
    "性病科",
    "皮肤性病科"
  ],
  "口腔综合科": [
    "其他综合",
    "中医综合",
    "口腔科",
    "儿科综合"
  ],
  "微创综合治疗科": [
    "其他综合",
    "中医综合",
    "儿科综合"
  ],
  "皮肤性病/风湿科": [
    "皮肤性病科"
  ],
  "神经外科中心": [
    "神经内科",
    "神经外科"
  ],
  "普通外科诊疗中心": [
    "急诊科",
    "普外科"
  ],
  "乳腺中心": [],
  "心脏外科": [
    "心理科",
    "心内科",
    "心胸外科"
  ],
  "介入治疗科": [],
  "妇科肿瘤科": [
    "妇科",
    "妇产科"
  ],
  "中医老年病科": [
    "中医科",
    "中医综合"
  ],
  "第二普通外科、胆道外科": [
    "肝胆外科",
    "普外科"
  ],
  "手术麻醉科": [],
  "粘膜牙周科": [],
  "眼眶病研究所": [
    "眼科"
  ],
  "烧伤、整形科": [
    "整形美容科",
    "烧伤科"
  ],
  "中西医结合男性门诊": [
    "中医综合"
  ],
  "肿瘤诊治中心": [
    "急诊科"
  ],
  "胸腔外科": [
    "口腔科",
    "心胸外科"
  ],
  "抗感染科": [
    "感染科"
  ],
  "中医五官科": [
    "五官科",
    "中医科",
    "中医综合"
  ],
  "青少年肝病诊疗与研究中心": [
    "肝胆外科",
    "急诊科",
    "肝病"
  ],
  "医学影像中心": [
    "中医科",
    "中医综合"
  ],
  "肝病消化中心": [
    "消化内科"
  ],
  "血液风湿科": [
    "风湿免疫科",
    "血液科"
  ],
  "头昏眩晕中心": [],
  "介入放射": [],
  "康复诊疗中心": [
    "康复科"
  ],
  "胃肠肿瘤中心三病区(原结直肠肿瘤外科)": [
    "肛肠科"
  ],
  "乳腺科": [],
  "眩晕疾病科": [],
  "头颈甲状腺外科": [],
  "疼痛诊疗科": [
    "急诊科"
  ],
  "检验、输血科": [
    "血液科"
  ],
  "针灸康复科": [
    "康复科"
  ],
  "消化肿瘤内科": [
    "消化内科"
  ],
  "生殖健康与不孕科": [
    "生殖健康"
  ],
  "儿童内分泌遗传科": [
    "内分泌科",
    "遗传病科"
  ],
  "耳鼻喉头颈外科": [
    "耳鼻喉科"
  ],
  "遗传咨询科": [
    "遗传病科"
  ],
  "急诊综合诊疗中心": [
    "急诊科",
    "其他综合",
    "中医综合",
    "儿科综合"
  ],
  "验光配镜中心": [],
  "口腔颌面外科": [
    "口腔科"
  ],
  "耳鼻喉科头颈外科": [
    "耳鼻喉科"
  ],
  "肿瘤化疗中心": [
    "消化内科"
  ],
  "疼痛中心": [],
  "创伤医学科": [
    "中医科",
    "中医综合",
    "烧伤科"
  ],
  "皮肤烧伤整形科": [
    "皮肤科",
    "整形美容科",
    "烧伤科",
    "皮肤性病科"
  ],
  "普外、新生儿外科": [
    "儿科综合",
    "小儿外科",
    "儿科",
    "小儿内科",
    "普外科",
    "生殖健康"
  ],
  "耳鼻喉科": [
    "耳鼻喉科"
  ],
  "疼痛门诊": [
    "急诊科"
  ],
  "治未病中心": [],
  "周围血管外科": [
    "血液科"
  ],
  "老年消化外科": [
    "消化内科"
  ],
  "鼻咽科": [
    "耳鼻喉科"
  ],
  "疑难杂症科": [],
  "青春期妇科": [
    "妇科",
    "妇产科"
  ],
  "中医免疫内科": [
    "风湿免疫科",
    "中医科",
    "中医综合"
  ],
  "普外一科(肝胆胰脾外科)": [
    "肝胆外科"
  ],
  "皮肤病研究所·皮肤性病科": [
    "皮肤性病科"
  ],
  "惠侨医疗中心": [
    "中医科",
    "中医综合"
  ],
  "美容整形烧伤中心": [
    "整形美容科"
  ],
  "玻璃体视网膜与眼外伤科": [
    "眼科",
    "烧伤科"
  ],
  "神经病学中心": [
    "神经内科",
    "神经外科"
  ],
  "性医学科": [
    "中医科",
    "性病科",
    "中医综合",
    "皮肤性病科"
  ],
  "肿瘤、血液病科": [
    "血液科"
  ],
  "精神科": [
    "精神科"
  ],
  "脑病三科": [],
  "脾胃病专科": [],
  "运动损伤与关节镜科": [
    "烧伤科"
  ],
  "普胸外科": [
    "普外科",
    "心胸外科"
  ],
  "肾内风湿免疫科": [
    "风湿免疫科"
  ],
  "儿童肾脏诊疗中心": [
    "儿科综合",
    "小儿外科",
    "儿科",
    "肾内科",
    "急诊科",
    "小儿内科"
  ],
  "烧伤整形与皮肤科": [
    "皮肤科",
    "整形美容科",
    "烧伤科",
    "皮肤性病科"
  ],
  "肿瘤治疗研究中心": [
    "肿瘤科",
    "肿瘤内科",
    "肿瘤外科"
  ],
  "心理咨询科": [
    "心理科"
  ],
  "医学心理科": [
    "心理科"
  ],
  "乳腺疾病诊疗中心": [
    "急诊科"
  ],
  "地干部病房": [],
  "疼痛医学中心": [
    "中医科",
    "中医综合"
  ],
  "中医康复中心": [
    "康复科",
    "中医科",
    "中医综合"
  ],
  "中医男科": [
    "中医科",
    "中医综合"
  ],
  "传染门诊": [
    "传染科"
  ],
  "泌尿科": [
    "泌尿内科",
    "泌尿外科"
  ],
  "关节病诊疗中心": [
    "急诊科"
  ],
  "肝病血液科": [
    "血液科"
  ],
  "放疗中心": [],
  "周围血管科": [
    "血液科"
  ],
  "放免检测中心": [
    "风湿免疫科"
  ],
  "微创神经外科": [
    "神经内科",
    "神经外科"
  ],
  "老年科": [],
  "康复中心": [
    "康复科"
  ],
  "特需门诊": [
    "急诊科"
  ],
  "肾脏病风湿免疫科": [
    "风湿免疫科"
  ],
  "骨肿瘤科": [
    "骨外科"
  ],
  "胆石病中心": [
    "肝胆外科"
  ],
  "关节外科（骨三科）": [
    "骨外科"
  ],
  "推拿科/康复医学科": [
    "康复科"
  ],
  "妇二科（不孕不育）": [
    "不孕不育"
  ],
  "乳腺甲状腺肿瘤外科": [
    "肿瘤科",
    "肿瘤内科",
    "肿瘤外科"
  ],
  "肿瘤、腔镜外科": [
    "口腔科"
  ],
  "中医风湿科": [
    "风湿免疫科",
    "中医科",
    "中医综合"
  ],
  "口腔科": [
    "口腔科"
  ],
  "眼科医院": [
    "眼科",
    "中医科",
    "中医综合"
  ],
  "中医内科、中医肿瘤科": [
    "中医科",
    "中医综合"
  ],
  "血液风湿免疫科": [
    "风湿免疫科"
  ],
  "角膜病临床中心": [],
  "儿童青少年精神科": [
    "精神科"
  ],
  "泌尿外科中心": [
    "泌尿内科",
    "泌尿外科"
  ],
  "中毒与职业病科": [
    "中医科",
    "中医综合"
  ],
  "心血管内科(心病科)": [
    "心理科",
    "心内科",
    "血液科",
    "心胸外科"
  ],
  "神经介入中心": [
    "神经内科",
    "神经外科"
  ],
  "内分泌遗传代谢中心": [
    "遗传病科",
    "内分泌科"
  ],
  "甲状腺病专科": [],
  "中西结合呼吸专科": [
    "中医综合",
    "呼吸内科"
  ],
  "糖尿病足中心": [
    "泌尿内科",
    "泌尿外科"
  ],
  "准分子激光屈光手术中心": [
    "内分泌科"
  ],
  "肝脏外科": [
    "肝胆外科",
    "肝病"
  ],
  "烧伤美容整形科": [
    "整形美容科"
  ],
  "微创关节科": [],
  "眼底病科": [
    "眼科"
  ],
  "心律失常中心": [
    "心理科",
    "心内科",
    "心胸外科"
  ],
  "孤独症康复中心": [
    "康复科"
  ],
  "医疗整形美容科": [
    "整形美容科"
  ],
  "针灸治疗中心": [],
  "小儿眼科": [
    "小儿外科",
    "小儿内科"
  ],
  "肝科": [
    "肝胆外科",
    "肝病"
  ],
  "风湿/免疫科": [
    "风湿免疫科"
  ],
  "胃肠外科": [
    "肛肠科"
  ],
  "听力眩晕诊疗中心": [
    "急诊科"
  ],
  "妇科内分泌科": [
    "内分泌科"
  ],
  "心理睡眠专科": [
    "心理科"
  ],
  "心身医学科": [
    "心理科",
    "心内科",
    "中医科",
    "中医综合",
    "心胸外科"
  ],
  "儿少精神科": [
    "精神科"
  ],
  "胸部外科": [
    "心胸外科"
  ],
  "乳腺甲状腺外科": [],
  "中西医结合肝病诊疗与研究中心": [
    "中医综合"
  ],
  "肝胆胰外科": [
    "肝胆外科"
  ],
  "儿童耳鼻喉科": [
    "耳鼻喉科"
  ],
  "内分泌内科": [
    "内分泌科"
  ],
  "小儿内分泌科": [
    "小儿外科",
    "小儿内科",
    "内分泌科"
  ],
  "甲状腺专科": [],
  "疝和腹壁外科": [],
  "辅助生殖科": [
    "生殖健康"
  ],
  "风湿免疫内科": [
    "风湿免疫科"
  ],
  "骨科脊柱外科": [
    "骨外科"
  ],
  "风湿免疫科": [
    "风湿免疫科"
  ],
  "中西医结合精神科": [
    "中医综合"
  ],
  "儿内呼吸科": [
    "呼吸内科"
  ],
  "体检科": [],
  "发育行为儿童保健科": [
    "儿科综合",
    "小儿外科",
    "儿科",
    "小儿内科",
    "生殖健康",
    "不孕不育"
  ],
  "手外科、显微外科研究治疗中心": [],
  "糖尿病足科": [
    "泌尿内科",
    "泌尿外科"
  ],
  "肝病中心": [
    "肝胆外科",
    "肝病"
  ],
  "脑瘫康复科": [
    "康复科"
  ],
  "预防保健科": [
    "生殖健康"
  ],
  "中医心血管病科": [
    "中医科",
    "中医综合"
  ],
  "呼吸科": [
    "呼吸内科"
  ],
  "耳鼻咽喉--头颈外科": [
    "耳鼻喉科"
  ],
  "甲乳外科": [],
  "整形和周围血管外科": [
    "整形美容科"
  ],
  "小儿心脏中心外科": [
    "小儿外科",
    "小儿内科"
  ],
  "失眠心理科": [
    "心理科"
  ],
  "结、直肠肛门病外科": [
    "肛肠科"
  ],
  "肝胆肠外科": [
    "肝胆外科"
  ],
  "生殖助孕中心": [
    "生殖健康"
  ],
  "不孕不育生殖医学中心": [
    "不孕不育"
  ],
  "胸部肿瘤内科": [
    "心胸外科"
  ],
  "精神心理科": [
    "心理科",
    "精神科"
  ],
  "不孕不育科": [
    "不孕不育"
  ],
  "口腔颌面-头颈外科": [
    "口腔科"
  ],
  "男科中心": [
    "男科"
  ],
  "神经科（中风科）": [
    "神经内科",
    "神经外科"
  ],
  "神经外科": [
    "神经内科",
    "神经外科"
  ],
  "消化外科": [
    "消化内科"
  ],
  "斜视与小儿眼病科": [
    "小儿外科",
    "小儿内科"
  ],
  "感染性疾病科（肝病科）": [
    "感染科"
  ],
  "普通外科（乳腺肿瘤中心）": [
    "普外科"
  ],
  "耳鼻咽喉科": [
    "耳鼻喉科"
  ],
  "心脏中心内科": [
    "心理科",
    "心内科",
    "心胸外科"
  ],
  "心病科": [
    "心理科",
    "心内科",
    "心胸外科"
  ],
  "癫痫中心": [],
  "胰腺肿瘤科": [
    "肿瘤科",
    "肿瘤内科",
    "肿瘤外科"
  ],
  "骨一科": [
    "骨外科"
  ],
  "按摩科": [],
  "乳腺病科": [],
  "乳腺肿瘤外科": [
    "肿瘤科",
    "肿瘤内科",
    "肿瘤外科"
  ],
  "临床营养科": [
    "营养科"
  ],
  "胸腹外科": [
    "心胸外科"
  ],
  "肝病重点专科": [
    "肝胆外科",
    "肝病"
  ],
  "运动医学诊疗中心": [
    "急诊科",
    "中医科",
    "中医综合"
  ],
  "老年口腔科": [
    "口腔科"
  ],
  "正畸-正颌科": [],
  "儿童神经康复科": [
    "神经内科",
    "康复科",
    "神经外科"
  ],
  "老年病中心脑病科": [],
  "牙周粘膜科": [],
  "神经发育科": [
    "神经内科",
    "神经外科"
  ],
  "综合科": [
    "其他综合",
    "中医综合",
    "儿科综合"
  ],
  "白内障中心": [],
  "胸心外科": [
    "心胸外科"
  ],
  "重症医学科": [
    "中医科",
    "中医综合"
  ],
  "乳腺病诊疗中心": [
    "急诊科"
  ],
  "糖尿病消化科": [
    "消化内科"
  ],
  "内镜中心": [],
  "小儿消化营养科": [
    "消化内科",
    "营养科",
    "小儿外科",
    "小儿内科"
  ],
  "医疗美容科（整形美容）": [
    "整形美容科"
  ],
  "心脏血管外科": [
    "心理科",
    "心内科",
    "血液科",
    "心胸外科"
  ],
  "头颈肿瘤外科中心": [
    "肿瘤科",
    "肿瘤内科",
    "肿瘤外科"
  ],
  "肿瘤中心-介入治疗科": [
    "肿瘤科",
    "肿瘤内科",
    "肿瘤外科"
  ],
  "普外二科": [
    "普外科"
  ],
  "内二科(消化、呼吸、内分泌、肾脏科)": [
    "消化内科",
    "内分泌科",
    "呼吸内科"
  ],
  "腹部外科": [],
  "口腔内科": [
    "口腔科"
  ],
  "葡萄膜炎与免疫眼科": [
    "风湿免疫科"
  ],
  "肿瘤微创治疗中心": [
    "肿瘤科",
    "肿瘤内科",
    "肿瘤外科"
  ],
  "中西医结合乳腺科": [
    "中医综合"
  ],
  "中西医肝病科": [
    "中医科",
    "中医综合"
  ],
  "基本外科": [],
  "脑外科、乳腺外科": [],
  "放射科": [],
  "小儿呼吸科": [
    "小儿外科",
    "小儿内科",
    "呼吸内科"
  ],
  "胃肠肿瘤中心": [
    "肛肠科"
  ],
  "肿瘤介入治疗科": [
    "肿瘤科",
    "肿瘤内科",
    "肿瘤外科"
  ],
  "肿瘤内科": [
    "肿瘤科",
    "肿瘤内科",
    "肿瘤外科"
  ],
  "美容整形科": [
    "整形美容科"
  ],
  "关节外科、运动医学": [
    "中医科",
    "中医综合"
  ],
  "骨外科": [
    "骨外科"
  ],
  "肝胆脾外科": [
    "肝胆外科"
  ],
  "肝胆胰、腔镜外科": [
    "肝胆外科"
  ],
  "关节外科/运动医学科": [
    "中医科",
    "中医综合"
  ],
  "皮肤内科": [
    "皮肤科",
    "皮肤性病科"
  ],
  "儿童泌尿外科": [
    "泌尿内科",
    "泌尿外科"
  ],
  "关节骨科": [
    "骨外科"
  ],
  "心血管疾病诊疗中心": [
    "心理科",
    "心内科",
    "急诊科",
    "血液科",
    "心胸外科"
  ],
  "耳鼻咽喉中心": [
    "耳鼻喉科"
  ],
  "生殖内分泌/计划生育科": [
    "内分泌科",
    "生殖健康"
  ],
  "中医妇科": [
    "中医科",
    "中医综合"
  ],
  "牙科": [],
  "妇儿科": [
    "儿科",
    "小儿外科",
    "妇科",
    "小儿内科",
    "妇产科",
    "儿科综合"
  ],
  "普外科（肝胆胰疾病、甲状腺疾病）": [
    "肝胆外科"
  ],
  "骨科-运动医学科": [
    "中医科",
    "中医综合",
    "骨外科"
  ],
  "伤口治疗中心": [
    "烧伤科",
    "口腔科"
  ],
  "心理医学科": [
    "心理科"
  ],
  "内一科": [],
  "脑外科(介入)": [],
  "VIP中心": [],
  "精神卫生中心": [
    "精神科"
  ],
  "内科杂病": [],
  "乳腺、甲状腺外科": [],
  "烧伤整形美容科": [
    "整形美容科"
  ],
  "生殖内分泌中心": [
    "内分泌科",
    "生殖健康"
  ],
  "睡眠医学科": [
    "中医科",
    "中医综合"
  ],
  "血管外科/疝和腹壁外科": [
    "血液科"
  ],
  "性病艾滋病临床诊疗中心": [
    "急诊科",
    "性病科",
    "皮肤性病科"
  ],
  "介入血管外科": [
    "血液科"
  ],
  "胃肠甲状腺外科(二外科)": [
    "肛肠科"
  ],
  "整形美容·颌面外科": [
    "整形美容科"
  ],
  "呼研院-胸外科": [
    "呼吸内科",
    "心胸外科"
  ],
  "手(显微)外科": [],
  "西医泌尿外科": [
    "泌尿内科",
    "泌尿外科"
  ],
  "骨病科": [
    "骨外科"
  ],
  "脑病内科": [],
  "康复治疗部": [
    "康复科"
  ],
  "皮肤性病诊疗专科": [
    "皮肤性病科"
  ],
  "呼吸肿瘤内科": [
    "呼吸内科"
  ],
  "膝部损伤科": [
    "烧伤科"
  ],
  "乳腺血管外科": [
    "血液科"
  ],
  "高血压科": [
    "血液科"
  ],
  "心理科": [
    "心理科"
  ],
  "妇产科": [
    "妇产科"
  ],
  "心身科": [
    "心理科",
    "心内科",
    "心胸外科"
  ],
  "疼痛科": [],
  "肾病科": [
    "肾内科"
  ],
  "妇科内分泌与生殖中心": [
    "内分泌科",
    "生殖健康"
  ],
  "急诊科": [
    "急诊科"
  ],
  "甲状腺乳腺中心": [],
  "中医部妇产科": [
    "中医科",
    "中医综合",
    "妇产科"
  ],
  "血管疝外科": [
    "血液科"
  ],
  "国医堂": [
    "中医科",
    "中医综合"
  ],
  "全科": [],
  "视觉复明中心": [
    "康复科"
  ],
  "烧伤整形中心": [
    "整形美容科",
    "烧伤科"
  ],
  "遗传代谢内分泌专科": [
    "遗传病科",
    "内分泌科"
  ],
  "药物依赖科": [],
  "五官科": [
    "五官科"
  ],
  "传染病科": [
    "传染科"
  ],
  "放射治疗科": [],
  "全科医学科": [
    "中医科",
    "中医综合"
  ],
  "老年病科": [],
  "内分泌专科": [
    "内分泌科"
  ],
  "白癜风治疗中心": [
    "风湿免疫科"
  ],
  "中医儿科": [
    "中医科",
    "中医综合"
  ],
  "耳鼻咽喉-头颈外科": [
    "耳鼻喉科"
  ],
  "结直肠肛门外科": [
    "肛肠科"
  ],
  "脊柱骨科": [
    "骨外科"
  ],
  "心病内科": [
    "心理科",
    "心内科",
    "心胸外科"
  ],
  "结直肠、肛管肛门外科": [
    "肛肠科"
  ],
  "儿童保健": [
    "儿科综合",
    "小儿外科",
    "儿科",
    "小儿内科",
    "生殖健康"
  ],
  "基因检测中心": [],
  "儿外科": [
    "儿科",
    "小儿外科",
    "小儿内科",
    "儿科综合"
  ],
  "内分泌科中医门诊": [
    "中医科",
    "中医综合",
    "内分泌科"
  ],
  "心血管科": [
    "心理科",
    "心内科",
    "血液科",
    "心胸外科"
  ],
  "正畸科": [],
  "眼眶病与眼肿瘤学科": [
    "眼科"
  ],
  "疼痛医学科": [
    "中医科",
    "中医综合"
  ],
  "消化中心": [
    "消化内科"
  ],
  "耳鼻喉-头颈外科": [
    "耳鼻喉科"
  ],
  "结直肠、肛门外科": [
    "肛肠科"
  ],
  "肛肠病诊疗中心": [
    "肛肠科"
  ],
  "腺体血管外科": [
    "血液科"
  ],
  "妇科肿瘤综合治疗科": [
    "其他综合",
    "中医综合",
    "儿科综合"
  ],
  "甲状腺颈部外科": [],
  "儿童医学中心": [
    "儿科综合",
    "小儿外科",
    "儿科",
    "中医科",
    "中医综合",
    "小儿内科"
  ],
  "心理卫生中心": [
    "心理科"
  ],
  "生殖遗传中心": [
    "遗传病科",
    "生殖健康"
  ],
  "消化科": [
    "消化内科"
  ],
  "过敏专科门诊": [
    "急诊科"
  ],
  "小儿心胸外科": [
    "心胸外科",
    "小儿外科",
    "小儿内科"
  ],
  "小儿肾脏风湿免疫科": [
    "风湿免疫科"
  ],
  "特诊老年病科": [
    "急诊科"
  ],
  "中医皮肤科": [
    "中医科",
    "皮肤科",
    "中医综合",
    "皮肤性病科"
  ],
  "神内科": [
    "精神科",
    "神经内科",
    "神经外科"
  ],
  "妇科微创中心": [
    "妇科",
    "妇产科"
  ],
  "传染科": [
    "传染科"
  ],
  "肿瘤诊断科": [
    "急诊科"
  ],
  "肿瘤放化疗中心": [
    "消化内科"
  ],
  "成形外科(整形外科)": [
    "整形美容科"
  ],
  "精神大科": [
    "精神科"
  ],
  "妇瘤外科": [
    "肿瘤科",
    "妇科",
    "肿瘤内科",
    "妇产科",
    "肿瘤外科"
  ],
  "感染中心": [
    "感染科"
  ],
  "乳腺甲状腺专科": [],
  "脊髓脊椎疾病中心": [],
  "中医外科": [
    "中医科",
    "中医综合"
  ],
  "检验科": [],
  "集爱遗传与不育诊疗中心": [
    "遗传病科",
    "不孕不育"
  ],
  "肾病专科": [
    "肾内科"
  ],
  "儿科": [
    "儿科",
    "小儿外科",
    "小儿内科",
    "儿科综合"
  ],
  "儿童心脏科": [
    "心理科",
    "心内科",
    "儿科",
    "小儿内科",
    "心胸外科",
    "儿科综合",
    "小儿外科"
  ],
  "中医肛肠": [
    "中医科",
    "肛肠科",
    "中医综合"
  ],
  "骨科-关节外科": [
    "骨外科"
  ],
  "综合眼病": [
    "儿科综合",
    "其他综合",
    "中医综合"
  ],
  "矫形骨科": [
    "整形美容科",
    "骨外科"
  ],
  "普通外二科": [
    "普外科"
  ],
  "儿童康复中心": [
    "康复科"
  ],
  "生殖医学科": [
    "生殖健康"
  ],
  "妇科肿瘤": [
    "妇科",
    "妇产科"
  ],
  "辅助生殖中心": [
    "生殖健康"
  ],
  "运动创伤-关节镜外科": [
    "烧伤科"
  ],
  "普通内科": [
    "普外科"
  ],
  "胃部肿瘤科": [
    "肿瘤科",
    "肿瘤内科",
    "肿瘤外科"
  ],
  "普通外科(胃肠)": [
    "肛肠科",
    "普外科"
  ],
  "中医呼吸科": [
    "中医科",
    "中医综合",
    "呼吸内科"
  ],
  "器官移植科": [
    "五官科"
  ],
  "康复科": [
    "康复科"
  ],
  "中医骨伤科": [
    "中医科",
    "中医综合"
  ],
  "肺部肿瘤外科": [
    "肿瘤科",
    "肿瘤内科",
    "肿瘤外科"
  ],
  "中医风湿免疫科": [
    "风湿免疫科"
  ],
  "骨与软组织肿瘤科": [
    "骨外科"
  ],
  "微创外科中心": [],
  "斜视弱视与小儿眼科": [
    "小儿外科",
    "小儿内科"
  ],
  "小儿、青少年妇科": [
    "小儿外科",
    "小儿内科"
  ],
  "特需科": [],
  "肝脾胃病科": [
    "肝胆外科",
    "肝病"
  ],
  "关节疾病微创外科、运动医学科": [
    "中医科",
    "中医综合"
  ],
  "疼痛诊疗中心": [
    "急诊科"
  ],
  "男科门诊": [
    "急诊科",
    "男科"
  ],
  "PICU": [],
  "血液肿瘤科": [
    "血液科"
  ],
  "微创介入科": [],
  "血液科": [
    "血液科"
  ],
  "内分泌与代谢病科": [
    "内分泌科"
  ],
  "针灸推拿康复科": [
    "康复科"
  ],
  "乳腺疾病诊治中心": [
    "急诊科"
  ],
  "优生遗传咨询专病门诊": [
    "遗传病科"
  ],
  "糖尿病肾病透析科": [
    "肾内科",
    "泌尿内科",
    "泌尿外科"
  ],
  "整形科": [
    "整形美容科"
  ],
  "腹部微创外科": [],
  "肿瘤微创介入中心": [
    "肿瘤科",
    "肿瘤内科",
    "肿瘤外科"
  ],
  "生殖健康与不孕不育症科": [
    "生殖健康"
  ],
  "新生儿科": [
    "儿科综合",
    "小儿外科",
    "儿科",
    "小儿内科",
    "生殖健康"
  ],
  "脑外科": [],
  "儿内分泌科": [
    "内分泌科"
  ],
  "烧伤整形科": [
    "整形美容科",
    "烧伤科"
  ],
  "儿童保健科": [
    "儿科综合",
    "小儿外科",
    "儿科",
    "小儿内科",
    "生殖健康"
  ],
  "眼整形眼眶科": [
    "整形美容科"
  ],
  "白内障组": [],
  "感染肝病科": [
    "感染科"
  ],
  "心脏医学部": [
    "心理科",
    "心内科",
    "中医科",
    "中医综合",
    "心胸外科"
  ],
  "普外肝胆胰专科": [
    "肝胆外科"
  ],
  "脊柱骨病科": [
    "骨外科"
  ],
  "妇科内分泌中心": [
    "内分泌科"
  ],
  "牙周科": [],
  "脊髓脊柱外科": [],
  "超声医学科": [
    "中医科",
    "中医综合"
  ],
  "核医学科": [
    "中医科",
    "中医综合"
  ],
  "新生儿外科": [
    "儿科综合",
    "小儿外科",
    "儿科",
    "小儿内科",
    "生殖健康"
  ],
  "脉管炎科": [],
  "VIP特诊科": [
    "急诊科"
  ],
  "急诊中心": [
    "急诊科"
  ],
  "骨关节外科": [
    "骨外科"
  ],
  "中西医结合诊治中心": [
    "中医综合"
  ],
  "儿童心脏中心": [
    "心理科",
    "心内科",
    "儿科",
    "小儿内科",
    "心胸外科",
    "儿科综合",
    "小儿外科"
  ],
  "甲状腺乳腺外科": [],
  "口腔种植科": [
    "口腔科"
  ],
  "儿童康复医学科": [
    "康复科"
  ],
  "脊柱科": [],
  "普骨科": [
    "普外科",
    "骨外科"
  ],
  "骨伤推拿科": [
    "骨外科",
    "烧伤科"
  ],
  "小儿心脏外科": [
    "小儿外科",
    "小儿内科"
  ],
  "小儿神经内科": [
    "小儿外科",
    "神经内科",
    "神经外科",
    "小儿内科"
  ],
  "血管甲状腺腹壁疝外科": [
    "血液科"
  ],
  "中医眼科": [
    "中医科",
    "中医综合"
  ],
  "男科": [
    "男科"
  ],
  "健康管理中心": [
    "生殖健康"
  ],
  "外二科": [],
  "重症肌无力中心": [],
  "皮肤与美容整形科": [
    "整形美容科"
  ],
  "风湿病科": [
    "风湿免疫科"
  ],
  "种植中心": [],
  "甲状腺、乳腺疾病中心": [],
  "胰胆外科": [
    "肝胆外科"
  ],
  "消化内科": [
    "消化内科"
  ],
  "手足外科修复重建外科": [
    "康复科"
  ],
  "乳腺专科": [],
  "骨科-脊柱外科": [
    "骨外科"
  ],
  "介入诊疗科": [
    "急诊科"
  ],
  "骨科": [
    "骨外科"
  ],
  "小儿泌尿外科": [
    "小儿外科",
    "小儿内科",
    "泌尿内科",
    "泌尿外科"
  ],
  "创面修复整形科": [
    "整形美容科"
  ],
  "肾脏风湿免疫科": [
    "风湿免疫科"
  ],
  "角膜病专科": [],
  "骨病外科": [
    "骨外科"
  ],
  "血管外科": [
    "血液科"
  ],
  "老年内科": [],
  "肿瘤科": [
    "肿瘤科",
    "肿瘤内科",
    "肿瘤外科"
  ],
  "血管瘤外科": [
    "肿瘤科",
    "肿瘤内科",
    "肿瘤外科",
    "血液科"
  ],
  "结核病科": [],
  "介入治疗中心": [],
  "疼痛治疗科": [],
  "耳鼻咽喉科中心": [
    "耳鼻喉科"
  ],
  "门诊伤口护理中心": [
    "急诊科",
    "烧伤科",
    "口腔科",
    "心理科"
  ],
  "国际诊疗中心": [
    "急诊科"
  ],
  "普外科(甲状腺.乳腺.疝)": [
    "普外科"
  ],
  "脊柱脊髓神经功能重建科": [
    "神经内科",
    "神经外科"
  ],
  "耳鼻喉科-头颈外科": [
    "耳鼻喉科"
  ],
  "结直肠肛门疾病外科": [
    "肛肠科"
  ],
  "胸瘤外科": [
    "肿瘤科",
    "肿瘤内科",
    "肿瘤外科",
    "心胸外科"
  ],
  "口腔粘膜病科": [
    "口腔科"
  ],
  "针推康复疼痛科": [
    "康复科"
  ],
  "中西医结合生殖中心·男科": [
    "中医综合"
  ],
  "风湿免疫关节矫形科": [
    "风湿免疫科"
  ],
  "生殖与遗传医学中心": [
    "遗传病科",
    "生殖健康"
  ],
  "小儿科": [
    "小儿外科",
    "小儿内科"
  ],
  "眼视光门诊": [
    "眼科",
    "急诊科"
  ],
  "脾胃肺肾科": [
    "肾内科"
  ],
  "介入血管瘤科": [
    "肿瘤科",
    "肿瘤内科",
    "肿瘤外科",
    "血液科"
  ],
  "心脏中心": [
    "心理科",
    "心内科",
    "心胸外科"
  ],
  "儿童肿瘤科": [
    "儿科",
    "小儿外科",
    "小儿内科",
    "儿科综合"
  ],
  "姑息治疗中心": [],
  "肿瘤血液科": [
    "血液科"
  ],
  "普儿科": [
    "儿科综合",
    "小儿外科",
    "儿科",
    "小儿内科",
    "普外科"
  ],
  "肾癌黑色素瘤内科": [
    "肿瘤科",
    "肿瘤内科",
    "肾内科",
    "肿瘤外科"
  ],
  "脊柱外科中心": [],
  "感染内科": [
    "感染科"
  ],
  "变态反应科": [],
  "牙体牙髓科": [],
  "泌尿男科": [
    "泌尿内科",
    "泌尿外科"
  ],
  "口腔综合门诊": [
    "其他综合",
    "中医综合",
    "口腔科",
    "儿科综合"
  ],
  "不孕与遗传诊疗中心": [
    "遗传病科",
    "不孕不育"
  ],
  "中医心脑血管病临床医学中心": [
    "中医科",
    "中医综合"
  ],
  "激光科": [],
  "皮肤外科": [
    "皮肤科",
    "皮肤性病科"
  ],
  "中西医结合科": [
    "中医综合"
  ],
  "脊柱脊髓外科": [],
  "肿瘤防治中心": [
    "肿瘤科",
    "肿瘤内科",
    "肿瘤外科"
  ],
  "肛肠外科": [
    "肛肠科"
  ],
  "心胸血管外科": [
    "心胸外科"
  ],
  "美容中心": [
    "整形美容科"
  ],
  "生殖健康与不孕症科": [
    "生殖健康"
  ],
  "美容皮肤科": [
    "皮肤科",
    "整形美容科",
    "皮肤性病科"
  ],
  "胃肠肝胆胰脾外科": [
    "肝胆外科"
  ],
  "足踝外科中心": [],
  "乳外科": [],
  "腹部肿瘤外科": [
    "肿瘤科",
    "肿瘤内科",
    "肿瘤外科"
  ],
  "结核病临床诊断治疗中心": [
    "急诊科"
  ],
  "特色医疗科": [
    "中医科",
    "中医综合"
  ],
  "康复医学中心": [
    "康复科"
  ],
  "角膜科": [],
  "化疗科": [
    "消化内科"
  ],
  "口腔修复科": [
    "口腔科"
  ],
  "白内障科": [],
  "烧伤与皮肤外科": [
    "皮肤科",
    "烧伤科",
    "皮肤性病科"
  ],
  "肿瘤放化疗科": [
    "消化内科"
  ],
  "烧伤整形美容外科": [
    "整形美容科"
  ],
  "心脏内科": [
    "心理科",
    "心内科",
    "心胸外科"
  ],
  "美容激光治疗中心": [
    "整形美容科"
  ],
  "中毒救治中心": [
    "中医科",
    "中医综合"
  ],
  "牙体牙髓病科": [],
  "发育与行为儿科": [
    "儿科综合",
    "小儿外科",
    "儿科",
    "小儿内科",
    "不孕不育"
  ],
  "胃结直肠肛门外科": [
    "肛肠科"
  ],
  "眼眶及眼肿瘤学科": [
    "眼科"
  ],
  "消化肿瘤科": [
    "消化内科"
  ],
  "肿瘤放射治疗科": [
    "肿瘤科",
    "肿瘤内科",
    "肿瘤外科"
  ],
  "骨软组织外科": [
    "骨外科"
  ],
  "中西医结合脑病科": [
    "中医综合"
  ],
  "乳腺疾病防治中心": [],
  "卵巢早衰&盆底病门诊": [
    "急诊科"
  ],
  "中西医男科": [
    "中医科",
    "中医综合"
  ],
  "骨科-创伤外科": [
    "骨外科",
    "烧伤科"
  ],
  "肝胆胰内科": [
    "肝胆外科"
  ],
  "精神病科": [
    "精神科"
  ],
  "关节外科创伤骨科": [
    "骨外科",
    "烧伤科"
  ],
  "睡眠中心": [],
  "瘰疬科": [],
  "儿童心理研究中心": [
    "心理科"
  ],
  "心脏大血管外科": [
    "心理科",
    "心内科",
    "血液科",
    "心胸外科"
  ],
  "肢体矫形外科": [
    "整形美容科"
  ],
  "推拿科": [],
  "脑病科": [],
  "泌尿外科·男科": [
    "泌尿内科",
    "泌尿外科"
  ],
  "角膜病科": [],
  "中西医结合心脏内科": [
    "中医综合"
  ],
  "胃肠营养及疝外科": [
    "营养科"
  ],
  "关节病治疗中心": [],
  "小儿心外科": [
    "小儿外科",
    "小儿内科"
  ],
  "结直肠肿瘤科": [
    "肛肠科"
  ],
  "正骨中心": [
    "骨外科"
  ],
  "肛肠外科，普外科": [
    "肛肠科"
  ],
  "眼外伤科": [
    "眼科",
    "烧伤科"
  ],
  "肝脏肿瘤诊疗与研究中心": [
    "肝胆外科",
    "急诊科",
    "肝病"
  ],
  "内分泌科": [
    "内分泌科"
  ],
  "新生儿医疗中心": [
    "儿科综合",
    "小儿外科",
    "儿科",
    "中医科",
    "小儿内科",
    "中医综合",
    "生殖健康"
  ],
  "医学影像科": [
    "中医科",
    "中医综合"
  ],
  "普通外科中心": [
    "普外科"
  ],
  "儿科肾病专科": [
    "儿科综合",
    "小儿外科",
    "儿科",
    "肾内科",
    "小儿内科"
  ],
  "耳鼻咽喉头颈外科": [
    "耳鼻喉科"
  ],
  "肝胆外科、胆石病微创外科": [
    "肝胆外科"
  ],
  "普外中心": [
    "普外科"
  ],
  "口腔正畸": [
    "口腔科"
  ],
  "宫腔镜诊治中心": [
    "急诊科",
    "口腔科"
  ],
  "眼外伤组": [
    "眼科",
    "烧伤科"
  ],
  "肝病传染病传染科": [
    "传染科"
  ],
  "癫痫科": [],
  "中西医结合肿瘤内科": [
    "中医综合"
  ],
  "儿童骨科": [
    "儿科",
    "小儿外科",
    "小儿内科",
    "骨外科",
    "儿科综合"
  ],
  "关节创伤科": [
    "烧伤科"
  ],
  "普外专科": [
    "普外科"
  ],
  "胸、乳腺外科": [
    "心胸外科"
  ],
  "甲乳血管外科": [
    "血液科"
  ],
  "整形美容和激光医学科": [
    "整形美容科"
  ],
  "推拿软伤科": [
    "烧伤科"
  ],
  "甲状腺头颈外科": [],
  "结核科": [],
  "不育与性医学科": [
    "不孕不育"
  ],
  "肿瘤妇科": [
    "妇科",
    "妇产科"
  ],
  "骨关节科": [
    "骨外科"
  ],
  "肿瘤科·血液科": [
    "血液科"
  ],
  "乳腺肿瘤内科": [
    "肿瘤科",
    "肿瘤内科",
    "肿瘤外科"
  ]
}