{
  "耳": [
    "外耳道",
    "耳鼓膜",
    "耳内",
    "中耳",
    "耳孔",
    "耳后",
    "耳廓",
    "耳垂",
    "耳根",
    "耳外",
    "耳道",
    "耳蜗",
    "前庭",
    "耳前",
    "耳"
  ],
  "前庭": [
    "鼻前庭",
    "耳前庭",
    "前庭"
  ],
  "关节": [
    "非对称性关节",
    "胫骨假关节",
    "手指小关节",
    "骶髂关节",
    "下巴关节",
    "指间关节",
    "踝膝关节",
    "颈椎关节",
    "寰枢关节",
    "颌骨关节",
    "风湿关节",
    "髋关节",
    "肘关节",
    "腕关节",
    "肩关节",
    "关节内",
    "膝关节",
    "踝关节",
    "脚趾关",
    "趾关节",
    "关节"
  ],
  "韧带": [
    "三角韧带",
    "阔韧带",
    "韧带"
  ],
  "肌肉": [
    "行走后小腿肌肉",
    "四肢近端肌肉",
    "肩胛带的肌肉",
    "小腿腓部肌肉",
    "肩胛带肌肉",
    "肩背部肌肉",
    "颈背部肌肉",
    "面部肌肉",
    "神经肌肉",
    "手臂肌肉",
    "口角肌肉",
    "腹肌肌肉",
    "小腿肌肉",
    "大腿肌肉",
    "咽部肌肉",
    "下肢肌肉",
    "肌肉牙脱",
    "脸部肌肉",
    "颈部肌肉",
    "手肌肉",
    "肌肉"
  ],
  "牙": [
    "牙齿",
    "假牙",
    "牙体",
    "磨牙",
    "拔牙",
    "牙周",
    "牙冠",
    "牙缝",
    "牙釉",
    "牙龈",
    "牙槽",
    "牙根",
    "萌牙",
    "牙关",
    "刷牙",
    "月牙",
    "牙后",
    "牙列",
    "牙"
  ],
  "舌": [
    "青紫舌",
    "舌齿龈",
    "舌乳头",
    "舌两侧",
    "齿痕舌",
    "镜面舌",
    "舌体",
    "舌苔",
    "舌质",
    "舌背",
    "舌骨",
    "舌口",
    "舌下",
    "口舌",
    "舌肌",
    "舌头",
    "舌根",
    "舌型",
    "舌"
  ],
  "咽": [
    "咽颊部",
    "耳咽管",
    "鼻咽癌",
    "咽喉部",
    "口及咽",
    "环咽部",
    "腭舌咽",
    "咽鼓管",
    "咽反射",
    "咽喉",
    "鼻咽",
    "下咽",
    "舌咽",
    "吞咽",
    "口咽",
    "咽部",
    "咽"
  ],
  "胃": [
    "胃肠淋巴",
    "胃肠道",
    "胃粘膜",
    "胃食管",
    "胃热",
    "胃镜",
    "胃脘",
    "胃火",
    "心胃",
    "胃壁",
    "胃石",
    "胃肠",
    "胃酸",
    "胃部",
    "反胃",
    "胃内",
    "脾胃",
    "胃"
  ],
  "肠": [
    "蛔虫性肠",
    "子宫直肠",
    "十二指肠",
    "肠绞痛",
    "肠痉挛",
    "肠粘膜",
    "横结肠",
    "腓肠肌",
    "肠绒毛",
    "肠道",
    "肠囊",
    "小肠",
    "大肠",
    "胃肠",
    "肠壁",
    "盲肠",
    "肠外",
    "结肠",
    "肠管",
    "灌肠",
    "香肠",
    "肠鸣",
    "直肠",
    "肠"
  ],
  "臀": [
    "腰臀部",
    "臀肌",
    "臀中",
    "臀部",
    "臀沟",
    "臀"
  ],
  "腰": [
    "女性腰",
    "低位腰",
    "第3腰",
    "胸椎腰",
    "腰膝",
    "腰酸",
    "腰脊",
    "腰大",
    "下腰",
    "腰段",
    "腰肌",
    "腰腹",
    "胸腰",
    "后腰",
    "腰骶",
    "腰部",
    "腰背",
    "腰椎",
    "腰臀",
    "腰软",
    "腰"
  ],
  "胸": [
    "乳糜胸",
    "连枷胸",
    "液气胸",
    "桶状胸",
    "胸肌",
    "前胸",
    "胸水",
    "胸膜",
    "脓胸",
    "胸腺",
    "胸背",
    "胸膈",
    "胸腹",
    "胸窝",
    "胸腰",
    "胸壁",
    "胸部",
    "胸腔",
    "胸廓",
    "胸骨",
    "胸前",
    "胸锁",
    "胸口",
    "胸片",
    "血胸",
    "胸式",
    "胸椎",
    "胸"
  ],
  "肝": [
    "肝星状细胞",
    "肝细胞",
    "肝纤维",
    "肝结节",
    "脂肪肝",
    "肝火",
    "肝窦",
    "肝腹",
    "肝肾",
    "肝叶",
    "肝气",
    "肝糖",
    "肝脏",
    "肝脾",
    "肝下",
    "肝胆",
    "肝脂",
    "肝内",
    "肝功",
    "乙肝",
    "肝区",
    "肝掌",
    "肝表",
    "肝部",
    "肝外",
    "肝"
  ],
  "胆": [
    "尿胆原",
    "胆总管",
    "胆结石",
    "胆固醇",
    "胆道",
    "胆红",
    "肝内",
    "胆管",
    "胆心",
    "胆汁",
    "胆囊",
    "胆碱",
    "胆"
  ],
  "呼吸": [
    "中枢性呼吸",
    "肺源性呼吸",
    "腭舌咽呼吸",
    "心源性呼吸",
    "胸痛伴呼吸",
    "咳嗽伴呼吸",
    "睡眠呼吸",
    "上呼吸道",
    "呼吸速率",
    "呼吸反射",
    "呼吸气",
    "呼吸道",
    "呼吸音",
    "呼吸"
  ],
  "鼻": [
    "鼻分泌物",
    "鼻咽癌",
    "鼻根部",
    "鼻唇沟",
    "鼻前庭",
    "鼻小柱",
    "鼻外部",
    "鼻粘膜",
    "鼻泪管",
    "鼻内",
    "鼻梁",
    "鼻衄",
    "鼻腔",
    "鼻部",
    "鼻翼",
    "鞍鼻",
    "鼻子",
    "口鼻",
    "鼻毛",
    "鼻旁",
    "尖鼻",
    "鼻头",
    "鼻臭",
    "鼻尖",
    "鼻咽",
    "鼻周",
    "鼻孔",
    "鼻塞",
    "鼻涕",
    "鼻端",
    "指鼻",
    "鼻甲",
    "鼻窦",
    "鼻"
  ],
  "喉": [
    "喉结下方",
    "喉咙",
    "咽喉",
    "喉头",
    "喉鸣",
    "喉结",
    "喉"
  ],
  "肺": [
    "肺积水",
    "肺下叶",
    "肺中叶",
    "肺间质",
    "肺容量",
    "肺功能",
    "肺动脉",
    "蜂窝肺",
    "肺纹理",
    "肺内",
    "肺火",
    "肺血",
    "体肺",
    "下肺",
    "肺泡",
    "肺气",
    "心肺",
    "肺门",
    "右肺",
    "肺部",
    "两肺",
    "肺"
  ],
  "肾": [
    "腰痛伴肾",
    "肾内动脉",
    "肾功能",
    "肾上腺",
    "肾小管",
    "肾血管",
    "肾包膜",
    "肾结石",
    "肾后性",
    "肾乳头",
    "肾钙化",
    "肾皮质",
    "肾间质",
    "肾源性",
    "肾小球",
    "肾外",
    "肾盏",
    "肝肾",
    "脾肾",
    "肾前",
    "心肾",
    "肾炎",
    "肾脏",
    "肾区",
    "肾盂",
    "肾上",
    "肾"
  ],
  "尿道": [
    "尿道黏膜",
    "尿道结节",
    "尿道内",
    "尿道口",
    "尿道瓣",
    "尿道下",
    "尿道"
  ],
  "阴": [
    "外阴",
    "会阴",
    "阴影",
    "阴阳",
    "阴虚",
    "阴部",
    "阴毛",
    "阴茎",
    "阴性",
    "阴蒂",
    "阴唇",
    "阴道",
    "阴囊",
    "阴"
  ],
  "子宫": [
    "子宫附件",
    "子宫前位",
    "子宫后位",
    "子宫内膜",
    "子宫颈",
    "子宫"
  ],
  "尿": [
    "尿淀粉酶",
    "尿妊娠",
    "输尿管",
    "糖尿",
    "尿液",
    "尿中",
    "尿色",
    "尿肌",
    "尿管",
    "泌尿",
    "尿道",
    "夜尿",
    "排尿",
    "尿"
  ],
  "脑": [
    "心脑血管",
    "脑神经",
    "脑细胞",
    "脑器质",
    "脑血管",
    "脑动脉",
    "脑实质",
    "脑灰质",
    "脑白质",
    "脑电波",
    "脑膜",
    "脑疝",
    "血脑",
    "脑叶",
    "电脑",
    "脑干",
    "桥脑",
    "脑沟",
    "脑室",
    "大脑",
    "丘脑",
    "脑炎",
    "脑脊",
    "小脑",
    "脑"
  ],
  "头": [
    "三角头",
    "肛乳头",
    "股二头",
    "龟头",
    "鼻头",
    "指头",
    "舌头",
    "头发",
    "喉头",
    "头皮",
    "摇头",
    "乳头",
    "额头",
    "骨头",
    "头"
  ],
  "心": [
    "心电图",
    "心功能",
    "心力",
    "心跳",
    "心房",
    "心包",
    "心肾",
    "心火",
    "心音",
    "心肌",
    "心源",
    "右心",
    "心胃",
    "心脏",
    "背心",
    "心尖",
    "心动",
    "心烦",
    "心血",
    "心肺",
    "心窝",
    "心率",
    "心内",
    "心瓣",
    "心境",
    "心律",
    "烧心",
    "心脑",
    "恶心",
    "心口",
    "心室",
    "心"
  ],
  "骨": [
    "甲状软骨",
    "肩胛骨",
    "韧带骨",
    "肋软骨",
    "骨皮质",
    "骨产道",
    "扁平骨",
    "尾骨",
    "距骨",
    "颞骨",
    "骨骺",
    "肢骨",
    "腓骨",
    "桡骨",
    "耳骨",
    "掌骨",
    "指骨",
    "坐骨",
    "耻骨",
    "死骨",
    "跖骨",
    "骨髓",
    "骨龄",
    "骨质",
    "骨膜",
    "颧骨",
    "骨盆",
    "锁骨",
    "胸骨",
    "胫骨",
    "髂骨",
    "骨刺",
    "听骨",
    "长骨",
    "骨折",
    "骨缝",
    "骶骨",
    "髌骨",
    "骨骼",
    "颌骨",
    "软骨",
    "颅骨",
    "钩骨",
    "肋骨",
    "骨"
  ],
  "眼": [
    "晶状体眼",
    "眼内",
    "眼球",
    "眼前",
    "眼睑",
    "眼角",
    "眼后",
    "眼斑",
    "眼睛",
    "眼边",
    "眼下",
    "眼外",
    "眼昏",
    "眼血",
    "眨眼",
    "眼眶",
    "眼白",
    "漏眼",
    "眼神",
    "眼袋",
    "眼干",
    "眼肌",
    "眼部",
    "眼屎",
    "眼晶",
    "眼花",
    "眼皮",
    "鸡眼",
    "眼压",
    "睁眼",
    "眼距",
    "双眼",
    "眼底",
    "眼上",
    "眼征",
    "眼"
  ],
  "额": [
    "额横纹",
    "额叶",
    "上额",
    "前额",
    "额骨",
    "额区",
    "额部",
    "额头",
    "额"
  ],
  "背": [
    "背脊",
    "手背",
    "背部",
    "舌背",
    "腕背",
    "足背",
    "驼背",
    "颈背",
    "胸背",
    "肩背",
    "腰背",
    "背心",
    "背"
  ]
}